policy_number,incurred_date,reported_date,paid_date,incurred_amount,paid_amount,LOB
POL-39300,2018-01-02,2018-01-18,2018-07-24,2950.95,2517.77,Closed
POL-37094,2018-01-04,2018-03-02,2018-11-29,16181.15,13963.13,Closed
POL-99678,2018-01-05,2018-01-15,2019-01-10,508.22,482.68,Closed
POL-95119,2018-01-06,2018-02-25,2018-08-27,5695.37,5489.05,Open
POL-72901,2018-01-10,2018-01-20,2018-05-07,520.96,514.53,Closed
POL-74148,2018-01-10,2018-02-02,2018-05-10,223.99,209.06,Closed
POL-97736,2018-01-11,2018-02-02,2018-12-02,2611.98,2274.24,Closed
POL-69722,2018-01-12,2018-01-30,2018-07-27,3196.29,2740.91,Closed
POL-69156,2018-01-17,2018-02-27,2019-02-24,1667.74,1607.1,Closed
POL-92035,2018-01-20,2018-02-23,2018-04-11,2128.35,2126.7,Closed
POL-54547,2018-01-22,2018-03-01,2018-03-15,2835.24,2724.08,Closed
POL-22963,2018-01-25,2018-03-08,2018-10-13,7951.54,7781.56,Closed
POL-13159,2018-01-28,2018-03-01,2019-01-07,1609.29,1359.72,Closed
POL-80981,2018-02-04,2018-02-27,2019-02-26,1644.37,1571.96,Closed
POL-46593,2018-02-05,2018-02-27,2018-09-17,10529.35,10358.21,Closed
POL-43458,2018-02-06,2018-04-02,2018-07-01,6264.68,5665.08,Closed
POL-29288,2018-02-08,2018-02-18,2018-11-21,1773.32,1647.15,Closed
POL-14567,2018-02-10,2018-03-23,2018-10-18,3038.61,3029.4,Closed
POL-84991,2018-02-10,2018-03-23,2018-11-27,11218.01,10866.09,Closed
POL-37052,2018-02-12,2018-02-18,2019-02-18,1120.52,1019.77,Closed
POL-99963,2018-02-16,2018-02-28,2018-06-08,7526.73,7475.62,Closed
POL-75066,2018-02-17,2018-03-13,2018-03-30,825.03,813.15,Closed
POL-79526,2018-02-20,2018-03-25,2018-10-09,1982.91,1651.19,Closed
POL-51198,2018-02-20,2018-02-25,2019-02-23,2904.97,2506.24,Closed
POL-56092,2018-02-20,2018-04-20,2019-03-07,4172.04,3398.46,Closed
POL-50736,2018-02-24,2018-04-06,2018-09-19,5009.22,4755.18,Closed
POL-73248,2018-02-24,2018-03-13,2018-05-23,3390.11,3131.61,Closed
POL-55039,2018-02-25,2018-03-09,2018-07-12,3488.61,2885.23,Closed
POL-32195,2018-03-02,2018-03-10,2018-11-10,1517.87,1347.83,Closed
POL-20283,2018-03-04,2018-04-07,2018-07-15,1203.5,1126.8,Open
POL-59103,2018-03-04,2018-03-13,2018-04-16,605.01,602.12,Closed
POL-46877,2018-03-06,2018-03-21,2019-01-28,2695.06,2178.02,Closed
POL-20785,2018-03-08,2018-04-21,2018-04-27,978.43,950.5,Closed
POL-93163,2018-03-10,2018-04-30,2018-12-15,4794.23,4461.46,Open
POL-77695,2018-03-16,2018-04-14,2018-05-05,3881.31,3757.11,Closed
POL-17642,2018-03-16,2018-05-08,2018-12-30,880.7,826.54,Open
POL-69848,2018-03-17,2018-04-08,2019-02-14,8375.94,6722.95,Closed
POL-23569,2018-03-19,2018-03-20,2018-07-05,2685.59,2472.47,Closed
POL-77231,2018-03-21,2018-03-24,2018-05-01,3210.81,3167.35,Closed
POL-19215,2018-03-23,2018-04-09,2018-12-27,1724.99,1479.74,Closed
POL-16782,2018-03-24,2018-05-19,2019-03-28,1037.85,900.97,Closed
POL-32931,2018-03-31,2018-04-06,2018-06-23,3880.96,3714.29,Closed
POL-87475,2018-03-31,2018-05-21,2018-07-27,9385.11,8165.82,Open
POL-78798,2018-04-01,2018-04-11,2018-07-29,1822.3,1593.23,Closed
POL-16533,2018-04-03,2018-04-03,2019-03-14,5912.61,5878.25,Closed
POL-74341,2018-04-05,2018-04-14,2018-05-30,2214.74,1852.44,Closed
POL-47650,2018-04-06,2018-04-09,2019-01-10,3948.9,3537.57,Closed
POL-89473,2018-04-09,2018-04-24,2019-04-23,3353.37,3290.42,Closed
POL-61707,2018-04-14,2018-04-18,2019-02-18,1759.38,1440.59,Closed
POL-89854,2018-04-17,2018-06-03,2019-05-02,1455.32,1452.27,Closed
POL-71826,2018-04-21,2018-06-04,2018-11-07,6943.26,5904.98,Closed
POL-41376,2018-04-23,2018-06-14,2018-11-26,3695.59,3109.51,Closed
POL-70710,2018-04-25,2018-05-29,2018-12-22,6641.97,6229.87,Closed
POL-58291,2018-04-27,2018-05-29,2018-06-18,523.53,421.09,Open
POL-65350,2018-04-27,2018-05-30,2018-10-10,451.32,391.91,Closed
POL-19269,2018-04-28,2018-06-17,2019-01-21,1576.78,1400.2,Closed
POL-84083,2018-04-30,2018-06-08,2019-04-13,1656.57,1391.26,Closed
POL-59145,2018-05-03,2018-05-19,2018-11-17,2348.35,2137.04,Closed
POL-61415,2018-05-06,2018-06-21,2019-05-04,6400.33,6123.05,Open
POL-13407,2018-05-07,2018-05-18,2018-12-19,9323.69,8312.93,Closed
POL-25434,2018-05-08,2018-05-10,2018-10-12,13306.49,10908.32,Closed
POL-14655,2018-05-08,2018-05-18,2019-03-08,5709.14,5704.13,Open
POL-86208,2018-05-10,2018-05-21,2018-10-15,2495.73,2115.53,Closed
POL-79626,2018-05-11,2018-05-22,2019-02-20,5077.61,4381.56,Open
POL-23515,2018-05-12,2018-05-18,2019-02-23,4417.4,4285.72,Closed
POL-38018,2018-05-14,2018-05-26,2018-08-22,1720.65,1574.15,Open
POL-66396,2018-05-18,2018-05-25,2019-03-18,489.51,420.79,Closed
POL-66117,2018-05-19,2018-07-11,2019-03-30,5218.76,4217.87,Closed
POL-18328,2018-05-24,2018-06-20,2018-11-18,1790.54,1653.13,Closed
POL-69796,2018-05-27,2018-06-16,2019-04-21,1998.92,1877.24,Closed
POL-67894,2018-05-27,2018-07-25,2018-08-09,2527.22,2453.07,Open
POL-48563,2018-05-28,2018-07-11,2019-07-02,2091.89,1714.35,Closed
POL-20211,2018-06-03,2018-07-15,2019-03-16,8518.4,8131.82,Closed
POL-76321,2018-06-04,2018-07-08,2018-10-02,2218.35,1971.73,Open
POL-19346,2018-06-10,2018-07-23,2019-07-21,357.15,321.02,Open
POL-88797,2018-06-11,2018-06-21,2019-04-04,330.69,270.0,Closed
POL-39680,2018-06-14,2018-06-22,2018-09-14,5485.43,5433.06,Closed
POL-25960,2018-06-15,2018-07-09,2018-10-11,12310.9,10805.83,Closed
POL-82518,2018-06-22,2018-07-01,2019-06-04,3475.32,3300.02,Closed
POL-88931,2018-06-30,2018-07-17,2018-12-10,5301.68,4873.65,Open
POL-18123,2018-07-01,2018-07-31,2019-01-07,1511.65,1506.47,Closed
POL-66447,2018-07-06,2018-07-24,2018-08-15,6331.81,5871.22,Closed
POL-67124,2018-07-09,2018-08-29,2019-05-26,835.23,692.78,Closed
POL-39757,2018-07-09,2018-09-05,2019-06-24,7977.04,7888.86,Closed
POL-41705,2018-07-10,2018-08-19,2019-05-13,2621.4,2399.73,Open
POL-10767,2018-07-13,2018-07-17,2018-09-12,1113.73,905.05,Open
POL-67233,2018-07-13,2018-09-03,2018-10-30,3029.99,2476.99,Closed
POL-96704,2018-07-17,2018-08-16,2019-01-30,3464.15,3364.96,Closed
POL-68712,2018-07-17,2018-08-08,2019-03-31,2573.45,2446.41,Open
POL-52240,2018-07-20,2018-08-02,2018-10-20,366.81,354.26,Closed
POL-23753,2018-07-21,2018-09-10,2018-09-20,861.74,693.64,Closed
POL-29982,2018-07-21,2018-07-31,2018-08-26,470.23,406.35,Closed
POL-67866,2018-07-22,2018-08-22,2019-06-05,1025.55,955.09,Closed
POL-39932,2018-07-22,2018-08-28,2018-12-25,1654.3,1395.8,Closed
POL-67724,2018-07-24,2018-08-29,2018-10-13,4106.3,4085.92,Closed
POL-99152,2018-07-26,2018-07-26,2019-07-04,7939.4,6872.95,Closed
POL-85403,2018-08-05,2018-09-27,2019-06-09,15257.92,15158.03,Closed
POL-23269,2018-08-12,2018-10-03,2019-03-14,1875.89,1507.0,Closed
POL-30056,2018-08-13,2018-10-09,2019-02-15,4158.93,3670.76,Closed
POL-98668,2018-08-14,2018-09-23,2019-02-16,3793.52,3711.97,Closed
POL-81927,2018-08-17,2018-10-06,2019-07-18,2410.46,2405.08,Closed
POL-74173,2018-08-21,2018-08-26,2019-03-28,1940.18,1573.01,Closed
POL-83933,2018-08-23,2018-09-20,2019-01-20,2787.76,2269.24,Closed
POL-25216,2018-08-24,2018-10-05,2019-08-31,1894.85,1772.25,Open
POL-99044,2018-08-24,2018-09-12,2019-01-01,20403.17,18108.7,Open
POL-69946,2018-08-25,2018-10-14,2019-06-11,748.22,606.73,Closed
POL-21303,2018-08-30,2018-09-03,2018-11-22,7387.13,6753.79,Closed
POL-81792,2018-08-31,2018-09-27,2019-01-10,2679.84,2573.93,Closed
POL-10340,2018-09-03,2018-10-23,2018-12-03,5129.82,4285.63,Closed
POL-58924,2018-09-06,2018-09-25,2019-07-12,3561.83,3489.73,Closed
POL-93231,2018-09-07,2018-10-27,2018-12-03,6382.44,6160.41,Open
POL-31384,2018-09-11,2018-10-16,2019-01-08,1785.89,1540.27,Closed
POL-66561,2018-09-13,2018-09-16,2018-12-15,20118.97,19710.1,Closed
POL-91149,2018-09-18,2018-10-23,2018-12-27,2891.58,2506.23,Closed
POL-32436,2018-09-20,2018-11-03,2018-12-23,8374.64,8109.89,Closed
POL-64316,2018-09-22,2018-10-28,2019-01-22,5195.32,4394.82,Closed
POL-41831,2018-09-25,2018-11-09,2019-07-11,378.15,335.02,Open
POL-73115,2018-09-26,2018-09-29,2019-07-06,1607.36,1537.22,Open
POL-96436,2018-10-08,2018-12-06,2018-12-21,8621.52,7537.87,Closed
POL-21889,2018-10-12,2018-10-19,2018-10-25,1083.45,934.55,Open
POL-69840,2018-10-12,2018-10-22,2019-05-25,2881.52,2832.44,Closed
POL-44929,2018-10-13,2018-11-13,2019-08-28,3023.44,2599.81,Closed
POL-33911,2018-10-21,2018-11-10,2019-04-07,3888.97,3872.16,Closed
POL-13744,2018-10-29,2018-12-16,2019-06-08,2044.7,1907.82,Closed
POL-80832,2018-10-30,2018-12-27,2019-10-11,4604.41,4481.4,Open
POL-28562,2018-11-09,2019-01-05,2019-02-07,1860.66,1535.13,Closed
POL-39984,2018-11-14,2018-12-08,2019-09-14,1213.83,1087.43,Open
POL-90409,2018-11-16,2018-12-12,2019-09-08,4484.15,3665.44,Closed
POL-46132,2018-11-17,2018-11-27,2019-04-18,890.53,838.28,Closed
POL-99743,2018-11-23,2019-01-08,2019-01-09,3702.2,3635.71,Closed
POL-55406,2018-11-24,2018-12-04,2019-10-13,1518.77,1300.46,Closed
POL-44206,2018-11-26,2018-12-08,2019-06-10,5008.4,4987.31,Closed
POL-25048,2018-11-27,2018-12-13,2019-12-12,4335.47,3879.58,Closed
POL-87909,2018-11-30,2018-12-06,2019-04-13,6408.94,6232.68,Closed
POL-12708,2018-12-02,2019-01-26,2019-02-16,1307.59,1148.9,Closed
POL-40951,2018-12-03,2018-12-20,2019-10-30,978.95,879.03,Closed
POL-30095,2018-12-04,2019-01-10,2019-08-20,2861.17,2664.39,Closed
POL-72046,2018-12-04,2018-12-21,2019-11-05,21275.84,18703.78,Closed
POL-34363,2018-12-08,2019-01-28,2019-07-27,835.14,704.58,Closed
POL-21826,2018-12-12,2019-01-17,2019-01-19,5903.26,4880.56,Closed
POL-64512,2018-12-22,2018-12-27,2019-09-25,3080.07,2576.7,Closed
POL-55026,2018-12-23,2019-02-06,2019-12-26,4288.24,3683.81,Closed
POL-68226,2018-12-24,2019-02-04,2019-09-23,1219.88,1024.66,Closed
POL-92839,2018-12-26,2018-12-29,2019-08-03,1381.18,1137.12,Open
POL-21267,2018-12-29,2019-01-09,2019-04-11,9962.75,9055.74,Closed
POL-50025,2018-12-31,2019-01-05,2019-12-17,5512.87,5288.22,Closed
POL-90742,2019-01-05,2019-01-21,2019-05-01,2173.14,1955.2,Closed
POL-35068,2019-01-08,2019-03-04,2020-02-08,6360.88,5172.88,Open
POL-59420,2019-01-09,2019-02-23,2019-03-08,9899.72,9550.5,Closed
POL-44775,2019-01-11,2019-03-07,2019-09-22,1069.76,916.01,Closed
POL-80135,2019-01-14,2019-02-26,2019-03-11,2905.75,2468.28,Closed
POL-75641,2019-01-15,2019-02-21,2020-02-14,5608.93,5408.63,Closed
POL-67221,2019-01-20,2019-03-20,2019-06-25,2211.45,2137.56,Open
POL-19472,2019-01-21,2019-03-05,2019-03-30,1392.1,1296.19,Closed
POL-25029,2019-01-24,2019-03-13,2019-08-03,7293.39,5842.59,Closed
POL-35901,2019-01-25,2019-03-26,2020-01-13,4102.7,3394.65,Closed
POL-32015,2019-01-27,2019-03-03,2019-11-07,14475.79,13680.36,Closed
POL-35426,2019-01-28,2019-02-15,2019-05-07,4253.73,4149.84,Open
POL-33535,2019-01-31,2019-03-11,2019-03-22,8394.52,7267.57,Closed
POL-42972,2019-01-31,2019-03-25,2019-06-25,16644.68,15088.42,Closed
POL-42854,2019-01-31,2019-03-20,2019-10-18,1854.37,1676.95,Open
POL-67620,2019-02-01,2019-03-28,2019-11-16,2346.96,2128.95,Closed
POL-82460,2019-02-02,2019-02-10,2019-07-20,4010.33,3534.63,Closed
POL-94246,2019-02-02,2019-03-07,2019-04-16,1360.99,1255.86,Closed
POL-34045,2019-02-04,2019-02-20,2019-10-02,2603.85,2348.9,Closed
POL-74946,2019-02-05,2019-02-26,2019-09-26,1367.84,1279.2,Open
POL-32010,2019-02-05,2019-03-29,2020-02-19,2348.94,2256.09,Closed
POL-60669,2019-02-08,2019-03-22,2019-09-06,3786.92,3493.74,Closed
POL-93973,2019-02-09,2019-04-10,2019-07-26,3920.71,3433.79,Closed
POL-92736,2019-02-17,2019-03-16,2020-01-10,3931.57,3603.62,Closed
POL-55833,2019-02-22,2019-03-05,2019-05-14,1182.95,1008.89,Closed
POL-38477,2019-02-22,2019-04-05,2019-08-31,4403.79,3964.33,Closed
POL-88301,2019-02-23,2019-03-20,2019-03-27,762.77,672.05,Closed
POL-13516,2019-02-24,2019-04-21,2019-06-21,5730.89,5120.81,Open
POL-74824,2019-03-05,2019-05-01,2020-01-10,16631.28,13894.94,Closed
POL-69095,2019-03-11,2019-04-16,2019-09-18,6104.61,5909.04,Closed
POL-63865,2019-03-14,2019-04-04,2020-02-21,2045.3,2042.27,Closed
POL-63915,2019-03-18,2019-05-10,2019-06-02,5610.83,4723.54,Closed
POL-46634,2019-03-23,2019-04-14,2019-09-02,2742.45,2368.52,Closed
POL-62003,2019-03-25,2019-04-14,2019-04-21,2188.76,2158.3,Closed
POL-72119,2019-03-28,2019-05-11,2019-05-27,3210.01,3150.79,Closed
POL-75428,2019-03-29,2019-04-08,2019-09-02,7215.92,5957.45,Closed
POL-96795,2019-03-29,2019-04-22,2019-11-17,2922.56,2549.55,Closed
POL-22602,2019-03-29,2019-04-17,2019-08-10,858.48,691.51,Closed
POL-21536,2019-04-01,2019-04-29,2019-10-26,2536.08,2029.49,Closed
POL-35517,2019-04-01,2019-04-20,2019-08-13,2563.59,2177.14,Closed
POL-30662,2019-04-05,2019-05-18,2019-11-21,8257.58,7481.81,Closed
POL-38365,2019-04-05,2019-05-31,2019-08-21,6928.61,6903.39,Closed
POL-99399,2019-04-12,2019-06-04,2019-09-09,5013.41,4146.09,Closed
POL-54462,2019-04-13,2019-05-09,2020-03-31,1028.86,871.15,Closed
POL-59437,2019-04-15,2019-04-28,2019-08-25,4303.94,3526.25,Closed
POL-99826,2019-04-16,2019-06-03,2019-08-21,3770.32,3536.25,Closed
POL-41923,2019-04-16,2019-05-25,2019-09-17,2248.23,2099.86,Closed
POL-13729,2019-04-19,2019-05-20,2019-10-24,921.61,910.3,Closed
POL-19079,2019-04-20,2019-04-22,2019-06-07,2049.74,2004.99,Open
POL-37788,2019-04-20,2019-05-23,2020-01-28,6182.9,6027.96,Closed
POL-80442,2019-04-21,2019-06-15,2020-05-02,207.61,200.49,Open
POL-54921,2019-04-23,2019-06-16,2020-03-07,411.52,333.53,Closed
POL-97134,2019-04-30,2019-05-03,2019-08-19,678.96,640.96,Closed
POL-91326,2019-05-03,2019-05-31,2019-12-11,1373.29,1231.68,Closed
POL-47853,2019-05-03,2019-05-07,2020-02-24,806.28,718.97,Open
POL-70603,2019-05-04,2019-05-07,2020-01-15,36768.9,33843.16,Open
POL-59786,2019-05-08,2019-06-25,2020-06-18,1120.17,1038.72,Closed
POL-37128,2019-05-12,2019-05-20,2019-10-05,1799.83,1666.08,Closed
POL-29259,2019-05-15,2019-06-05,2019-08-13,7596.11,7329.23,Closed
POL-93194,2019-05-18,2019-06-14,2020-01-06,9953.62,9074.0,Closed
POL-27087,2019-05-18,2019-07-09,2020-05-07,1377.98,1283.68,Closed
POL-84499,2019-05-18,2019-07-11,2020-02-21,11574.77,11010.37,Closed
POL-35479,2019-05-20,2019-06-28,2019-09-07,543.37,521.45,Closed
POL-91780,2019-05-26,2019-07-02,2019-11-24,1535.8,1241.86,Closed
POL-91159,2019-05-26,2019-07-20,2020-03-07,1920.85,1792.83,Closed
POL-33091,2019-05-28,2019-07-13,2020-06-27,925.17,804.01,Closed
POL-35008,2019-05-29,2019-06-26,2019-11-23,2701.01,2621.7,Closed
POL-95731,2019-05-31,2019-06-26,2020-01-17,2082.64,2082.45,Open
POL-27794,2019-06-01,2019-06-06,2019-08-01,1516.54,1516.17,Open
POL-68579,2019-06-02,2019-06-19,2020-03-15,31263.48,26939.54,Closed
POL-56737,2019-06-05,2019-06-18,2019-06-26,4069.98,3784.71,Closed
POL-87242,2019-06-08,2019-08-04,2019-12-31,3447.9,3284.95,Closed
POL-70011,2019-06-09,2019-06-20,2019-08-28,3215.29,2667.91,Closed
POL-41658,2019-06-10,2019-06-30,2020-04-06,1666.06,1555.84,Closed
POL-71075,2019-06-10,2019-07-24,2019-10-08,17652.9,15677.68,Closed
POL-55156,2019-06-16,2019-07-07,2020-01-25,285.72,231.77,Closed
POL-11211,2019-06-21,2019-08-03,2019-10-10,13298.59,12921.79,Closed
POL-15586,2019-06-21,2019-07-05,2020-02-06,9125.48,7561.67,Open
POL-56840,2019-06-22,2019-08-20,2020-07-22,2084.09,1927.12,Closed
POL-81762,2019-06-24,2019-08-14,2019-10-10,8032.56,7426.41,Closed
POL-22149,2019-06-25,2019-08-24,2020-06-16,785.23,772.31,Open
POL-17493,2019-06-26,2019-08-22,2019-12-10,247.69,213.92,Closed
POL-27543,2019-07-01,2019-08-18,2020-01-05,9499.7,7693.8,Closed
POL-32626,2019-07-05,2019-07-15,2020-05-21,2466.58,2259.43,Closed
POL-42919,2019-07-13,2019-07-21,2020-06-08,4103.21,4008.41,Closed
POL-31625,2019-07-14,2019-09-01,2020-04-13,6457.6,5478.49,Closed
POL-52946,2019-07-17,2019-08-20,2020-05-12,1431.12,1382.85,Closed
POL-64842,2019-07-17,2019-08-10,2020-02-24,2406.7,2402.45,Closed
POL-52468,2019-07-18,2019-09-15,2020-05-02,1417.58,1339.42,Open
POL-69889,2019-07-18,2019-09-03,2020-08-10,914.71,880.5,Closed
POL-67241,2019-07-21,2019-08-19,2020-06-27,4277.82,3954.01,Closed
POL-89239,2019-07-24,2019-09-08,2020-01-11,1254.49,1216.14,Closed
POL-98370,2019-07-29,2019-09-07,2020-03-24,12338.8,12150.43,Closed
POL-63117,2019-07-29,2019-08-28,2020-06-12,7136.08,7035.08,Closed
POL-22161,2019-07-29,2019-09-05,2020-06-11,5038.21,4244.86,Open
POL-73477,2019-08-01,2019-09-08,2019-11-06,5939.65,5612.08,Closed
POL-38001,2019-08-04,2019-09-16,2020-06-26,2750.25,2699.59,Closed
POL-40573,2019-08-10,2019-09-27,2019-10-28,1466.99,1270.47,Closed
POL-88218,2019-08-16,2019-09-02,2019-10-21,2762.88,2759.33,Closed
POL-78814,2019-08-19,2019-10-11,2020-01-06,4569.22,4502.61,Closed
POL-43742,2019-08-24,2019-09-01,2019-10-10,3378.39,2892.84,Closed
POL-15636,2019-08-24,2019-10-02,2020-06-11,1805.79,1762.39,Closed
POL-85645,2019-08-27,2019-09-30,2020-06-14,36274.39,30910.93,Open
POL-27857,2019-08-27,2019-08-30,2019-12-05,2759.43,2648.93,Open
POL-96120,2019-08-30,2019-09-10,2020-05-09,4973.72,4644.04,Closed
POL-39739,2019-09-01,2019-10-22,2020-07-30,2941.32,2441.7,Closed
POL-20763,2019-09-08,2019-09-19,2019-12-17,3227.63,2638.08,Closed
POL-78136,2019-09-09,2019-10-25,2020-06-10,24609.13,20023.63,Closed
POL-21695,2019-09-15,2019-10-21,2020-04-24,1842.8,1696.97,Open
POL-52821,2019-09-16,2019-10-24,2020-08-13,168.8,159.67,Closed
POL-66392,2019-09-16,2019-11-04,2020-10-31,4303.44,3796.82,Closed
POL-79322,2019-09-17,2019-11-10,2020-09-05,6737.88,5488.32,Open
POL-28693,2019-09-18,2019-10-14,2020-06-03,3286.82,2889.4,Closed
POL-77263,2019-09-20,2019-11-18,2020-01-15,2296.38,2048.02,Closed
POL-52215,2019-09-26,2019-10-14,2020-07-10,1339.38,1175.39,Closed
POL-65751,2019-09-26,2019-10-05,2020-07-31,1609.44,1376.47,Closed
POL-15355,2019-09-28,2019-11-07,2020-10-26,705.23,616.18,Closed
POL-93111,2019-10-01,2019-11-04,2020-02-09,4795.49,4461.99,Closed
POL-44518,2019-10-02,2019-10-26,2020-10-03,1081.67,871.22,Closed
POL-60288,2019-10-03,2019-11-26,2020-04-19,11009.98,9625.85,Closed
POL-43361,2019-10-04,2019-10-07,2019-11-09,27403.37,23702.14,Closed
POL-45525,2019-10-08,2019-12-07,2020-10-09,8028.86,7811.52,Closed
POL-64028,2019-10-09,2019-10-11,2020-03-18,921.89,822.95,Closed
POL-65249,2019-10-11,2019-10-19,2020-03-29,5097.52,4430.87,Closed
POL-69821,2019-10-15,2019-10-29,2020-02-09,2002.79,1869.71,Closed
POL-73752,2019-10-16,2019-12-10,2020-01-25,1551.83,1514.87,Closed
POL-68283,2019-10-19,2019-10-26,2020-07-14,4325.01,4303.03,Closed
POL-66044,2019-10-21,2019-11-29,2020-04-18,606.19,559.0,Closed
POL-13081,2019-10-22,2019-10-26,2019-10-28,10807.36,9086.9,Closed
POL-73884,2019-10-24,2019-10-27,2020-08-20,1884.39,1857.26,Open
POL-27948,2019-10-26,2019-12-21,2020-03-20,1646.94,1407.88,Closed
POL-87452,2019-10-26,2019-10-29,2020-04-18,4953.04,4390.87,Open
POL-38926,2019-10-29,2019-10-30,2020-02-14,2366.26,2038.29,Open
POL-79460,2019-10-30,2019-12-11,2020-11-25,1435.18,1342.58,Open
POL-50696,2019-11-03,2019-11-10,2020-04-09,4609.96,4223.32,Open
POL-33165,2019-11-05,2019-11-22,2019-11-26,947.76,787.84,Closed
POL-94021,2019-11-07,2019-12-14,2020-05-06,2134.36,1920.09,Closed
POL-97902,2019-11-13,2019-11-18,2019-12-12,2201.22,1869.9,Closed
POL-98607,2019-11-13,2019-12-13,2020-11-13,3933.86,3713.4,Closed
POL-27347,2019-11-15,2019-11-20,2019-12-14,5207.27,4859.74,Closed
POL-14922,2019-11-16,2019-11-27,2020-06-01,4206.49,3823.03,Closed
POL-64353,2019-11-16,2019-12-25,2020-05-20,433.69,348.32,Closed
POL-61971,2019-11-16,2020-01-07,2020-08-12,9837.49,9374.2,Open
POL-54565,2019-11-20,2019-12-14,2020-03-02,11597.94,9606.3,Closed
POL-67530,2019-11-20,2020-01-06,2020-08-31,2086.54,1789.42,Closed
POL-50096,2019-11-21,2019-12-16,2020-03-14,1512.76,1390.66,Closed
POL-58516,2019-11-30,2020-01-26,2020-03-17,3329.85,2807.77,Closed
POL-69353,2019-11-30,2019-12-22,2020-10-30,4710.44,4073.12,Closed
POL-84637,2019-12-01,2020-01-20,2020-12-15,2519.19,2316.99,Closed
POL-21745,2019-12-04,2019-12-18,2020-02-13,11883.48,9509.23,Closed
POL-25449,2019-12-05,2020-01-21,2020-07-22,5369.84,5060.24,Closed
POL-35020,2019-12-08,2019-12-17,2020-07-05,2124.73,2030.58,Closed
POL-80204,2019-12-10,2020-01-30,2020-08-16,6700.18,6467.75,Closed
POL-12251,2019-12-11,2020-02-06,2020-04-27,3553.26,3435.62,Closed
POL-46035,2019-12-11,2020-01-31,2020-08-07,2347.53,2087.99,Open
POL-86102,2019-12-13,2019-12-30,2020-03-12,27197.79,26035.53,Closed
POL-11609,2019-12-15,2020-02-04,2020-10-16,3593.22,3192.4,Open
POL-26932,2019-12-15,2020-01-25,2020-07-06,2374.46,2137.04,Closed
POL-24026,2019-12-15,2020-02-03,2020-06-30,5571.99,5118.61,Open
POL-22205,2019-12-18,2020-01-01,2020-03-12,2767.31,2714.31,Closed
POL-82617,2019-12-19,2020-01-17,2020-06-14,379.43,334.98,Open
POL-46784,2019-12-24,2019-12-27,2020-03-17,7136.08,6362.16,Open
POL-79101,2019-12-25,2020-01-20,2020-10-29,1069.57,899.31,Closed
POL-35938,2019-12-26,2020-01-28,2020-12-01,866.24,704.06,Closed
POL-52422,2019-12-27,2020-02-09,2020-03-25,2999.53,2406.27,Open
POL-34351,2019-12-30,2020-01-17,2020-06-02,9176.06,7686.86,Closed
POL-41174,2019-12-30,2020-01-08,2020-12-20,2543.72,2372.89,Closed
POL-12382,2020-01-03,2020-01-04,2020-12-01,4739.4,4553.44,Closed
POL-68436,2020-01-06,2020-03-05,2021-01-04,1358.23,1284.86,Closed
POL-92103,2020-01-10,2020-01-13,2020-05-28,3750.71,3180.6,Closed
POL-61374,2020-01-11,2020-02-06,2020-08-04,1445.97,1178.87,Open
POL-85282,2020-01-16,2020-02-23,2020-03-11,5882.99,5560.67,Closed
POL-84038,2020-01-18,2020-02-11,2020-09-07,211.19,205.98,Closed
POL-34123,2020-01-21,2020-03-19,2020-05-19,1683.49,1472.88,Closed
POL-96741,2020-01-24,2020-03-19,2020-05-16,1519.87,1317.26,Closed
POL-82762,2020-01-24,2020-02-12,2020-06-02,18397.11,14809.55,Closed
POL-53066,2020-01-29,2020-03-29,2020-06-18,3526.5,2872.69,Closed
POL-17371,2020-01-29,2020-03-16,2020-08-23,1191.62,1091.17,Closed
POL-24327,2020-01-31,2020-03-16,2020-06-16,3047.09,2969.49,Open
POL-34143,2020-02-02,2020-03-20,2020-12-09,3642.59,3338.39,Open
POL-43783,2020-02-02,2020-03-10,2020-12-18,1428.95,1341.03,Closed
POL-78312,2020-02-03,2020-03-09,2020-03-30,19961.47,19563.3,Closed
POL-60069,2020-02-03,2020-03-14,2020-05-29,1539.62,1255.89,Closed
POL-60408,2020-02-06,2020-04-01,2020-07-31,4040.51,3916.48,Closed
POL-15419,2020-02-08,2020-03-03,2020-08-28,2343.41,1952.78,Closed
POL-64756,2020-02-09,2020-02-16,2020-07-13,20865.89,19860.31,Closed
POL-48751,2020-02-10,2020-04-10,2021-03-14,552.97,510.81,Open
POL-53148,2020-02-13,2020-02-21,2020-07-31,8328.36,8148.25,Closed
POL-45031,2020-02-14,2020-03-24,2020-11-24,4894.19,4763.47,Closed
POL-35991,2020-02-15,2020-03-03,2021-01-15,2078.96,1842.8,Closed
POL-41966,2020-02-15,2020-03-24,2020-11-02,2325.61,2120.88,Closed
POL-17856,2020-02-17,2020-03-29,2020-11-03,1681.29,1368.34,Closed
POL-19847,2020-02-19,2020-03-17,2020-07-15,580.14,526.02,Open
POL-96836,2020-02-24,2020-04-12,2020-09-20,674.33,562.17,Open
POL-59153,2020-03-02,2020-03-29,2020-08-23,9734.33,9619.93,Closed
POL-26198,2020-03-04,2020-04-01,2020-06-21,3766.3,3553.89,Closed
POL-43755,2020-03-06,2020-03-27,2021-01-13,1658.95,1540.16,Closed
POL-85986,2020-03-07,2020-04-28,2021-04-27,8925.85,8658.0,Closed
POL-28230,2020-03-08,2020-03-28,2021-01-28,12483.59,11583.79,Closed
POL-98020,2020-03-08,2020-04-06,2020-07-17,5336.07,5303.76,Closed
POL-47387,2020-03-10,2020-03-28,2020-07-02,5835.4,5355.07,Closed
POL-77863,2020-03-15,2020-04-12,2020-05-23,1310.19,1153.56,Closed
POL-20702,2020-03-15,2020-04-21,2021-01-04,473.8,447.53,Closed
POL-39856,2020-03-15,2020-04-18,2020-11-01,1498.85,1253.05,Closed
POL-45303,2020-03-25,2020-05-18,2021-03-08,2801.74,2495.78,Closed
POL-31876,2020-03-25,2020-04-10,2021-02-28,3055.7,3052.9,Open
POL-93021,2020-03-25,2020-03-30,2020-05-13,1307.3,1265.89,Open
POL-40707,2020-03-26,2020-04-09,2020-05-05,3478.12,3370.15,Closed
POL-52604,2020-03-26,2020-04-21,2020-09-03,2477.08,2204.83,Closed
POL-84663,2020-03-26,2020-04-21,2021-02-03,4326.16,3742.21,Closed
POL-90730,2020-03-31,2020-05-01,2020-12-04,2418.96,1992.37,Open
POL-33806,2020-04-02,2020-05-08,2020-05-28,4358.3,4273.92,Open
POL-99462,2020-04-03,2020-05-28,2021-03-01,1707.14,1531.15,Closed
POL-91730,2020-04-05,2020-05-18,2020-08-09,3342.99,3103.39,Closed
POL-76381,2020-04-07,2020-05-11,2020-07-05,13807.03,13415.8,Closed
POL-39768,2020-04-08,2020-04-14,2020-05-28,10024.84,9793.43,Open
POL-96296,2020-04-10,2020-06-05,2021-04-29,1547.85,1297.83,Closed
POL-65860,2020-04-10,2020-05-22,2021-01-03,8120.0,7765.99,Closed
POL-55836,2020-04-12,2020-05-22,2020-11-20,1693.28,1492.23,Open
POL-21390,2020-04-13,2020-04-17,2020-10-21,2087.09,1944.56,Open
POL-49071,2020-04-15,2020-04-24,2020-09-19,2770.91,2279.88,Closed
POL-26237,2020-04-17,2020-04-26,2020-06-18,3676.29,3118.91,Open
POL-48106,2020-04-26,2020-05-28,2021-03-02,7343.36,7127.35,Open
POL-62224,2020-04-28,2020-05-01,2021-01-31,5754.65,5382.69,Closed
POL-53939,2020-04-30,2020-06-26,2020-11-10,5171.85,4793.94,Closed
POL-95774,2020-05-01,2020-05-17,2020-08-12,6656.61,5537.0,Closed
POL-27387,2020-05-02,2020-05-14,2020-06-26,3891.98,3844.09,Closed
POL-66699,2020-05-03,2020-05-15,2020-11-03,1456.92,1410.91,Closed
POL-13631,2020-05-04,2020-06-28,2020-11-03,306.01,294.32,Closed
POL-11622,2020-05-10,2020-06-16,2020-07-19,22149.59,21395.36,Closed
POL-56819,2020-05-13,2020-05-18,2020-09-11,3260.41,2768.79,Closed
POL-89866,2020-05-18,2020-06-21,2021-02-13,8420.11,6869.02,Open
POL-39165,2020-05-20,2020-06-01,2020-11-06,5241.71,4617.04,Open
POL-26692,2020-05-22,2020-07-14,2020-10-31,10013.29,9782.6,Closed
POL-22855,2020-05-22,2020-07-14,2020-08-19,1659.36,1548.66,Closed
POL-68865,2020-05-25,2020-06-13,2021-03-03,1327.0,1285.52,Closed
POL-42441,2020-05-26,2020-05-31,2020-09-19,1534.99,1515.44,Closed
POL-28816,2020-05-26,2020-06-28,2021-03-01,661.91,660.51,Closed
POL-72699,2020-05-26,2020-06-28,2021-06-14,2728.26,2213.26,Closed
POL-66481,2020-05-27,2020-06-06,2021-04-03,1035.13,978.24,Closed
POL-85304,2020-05-28,2020-06-07,2021-04-03,3858.36,3664.79,Closed
POL-62347,2020-05-30,2020-06-27,2020-12-18,5868.53,4755.03,Closed
POL-60057,2020-05-30,2020-06-22,2020-07-27,1148.19,1099.3,Closed
POL-93597,2020-06-01,2020-07-27,2020-09-02,36737.62,30060.99,Closed
POL-40049,2020-06-03,2020-07-05,2020-07-23,1278.05,1215.06,Closed
POL-56830,2020-06-13,2020-07-02,2021-04-20,1801.84,1764.86,Closed
POL-52712,2020-06-14,2020-07-31,2020-11-18,7866.7,6454.65,Closed
POL-34272,2020-06-15,2020-06-22,2021-02-11,3610.71,3375.55,Open
POL-19121,2020-06-18,2020-07-20,2020-07-20,1733.19,1442.89,Closed
POL-54264,2020-06-20,2020-06-27,2020-11-30,28533.3,25567.52,Closed
POL-15993,2020-06-23,2020-08-13,2021-07-16,141.49,114.27,Closed
POL-78322,2020-06-28,2020-07-20,2020-11-26,643.87,605.41,Closed
POL-53822,2020-07-03,2020-08-03,2021-04-13,1304.38,1112.04,Closed
POL-47344,2020-07-07,2020-08-26,2021-07-20,680.65,622.41,Closed
POL-26576,2020-07-08,2020-07-14,2021-05-05,13416.15,11482.73,Open
POL-77496,2020-07-09,2020-08-24,2021-01-10,1512.43,1415.86,Open
POL-11168,2020-07-11,2020-08-28,2021-04-15,10706.69,8734.97,Closed
POL-14765,2020-07-13,2020-08-04,2021-01-26,987.91,827.99,Open
POL-42299,2020-07-17,2020-08-09,2020-08-13,2451.17,2384.97,Closed
POL-29583,2020-07-17,2020-08-31,2020-12-04,2762.53,2641.29,Closed
POL-48230,2020-07-22,2020-08-25,2020-12-14,882.36,736.64,Closed
POL-99630,2020-07-22,2020-09-16,2021-03-16,2718.46,2274.57,Closed
POL-46404,2020-07-24,2020-09-03,2020-10-19,1500.75,1483.64,Open
POL-37938,2020-07-25,2020-08-11,2020-12-11,1040.57,967.17,Closed
POL-78359,2020-07-27,2020-09-10,2021-04-14,5478.49,5343.85,Closed
POL-62127,2020-08-01,2020-08-20,2020-09-13,2610.61,2351.23,Closed
POL-42769,2020-08-04,2020-08-19,2021-07-11,1079.36,991.33,Closed
POL-18733,2020-08-04,2020-09-25,2021-03-30,397.35,331.61,Closed
POL-91515,2020-08-08,2020-09-05,2020-10-17,521.0,472.61,Closed
POL-73644,2020-08-09,2020-10-08,2021-01-29,1142.56,1078.43,Closed
POL-52239,2020-08-11,2020-10-07,2021-01-21,2481.97,2398.26,Closed
POL-98916,2020-08-12,2020-08-18,2021-07-03,900.19,833.76,Closed
POL-88610,2020-08-12,2020-10-09,2021-02-09,4891.3,4724.4,Open
POL-16737,2020-08-13,2020-10-04,2020-10-10,4659.39,4632.42,Closed
POL-98708,2020-08-14,2020-09-07,2021-01-15,17906.56,17513.54,Open
POL-43919,2020-08-14,2020-08-30,2021-05-27,1903.09,1715.32,Open
POL-25417,2020-08-15,2020-09-03,2021-03-02,11833.74,10035.95,Open
POL-18770,2020-08-17,2020-09-13,2021-05-30,2272.14,1992.44,Closed
POL-58320,2020-08-18,2020-08-22,2020-11-15,3363.0,2862.12,Open
POL-32398,2020-08-24,2020-10-10,2020-12-27,10429.22,8772.27,Closed
POL-25549,2020-08-25,2020-09-26,2021-05-20,3824.48,3274.56,Closed
POL-46188,2020-08-29,2020-10-22,2021-05-17,8132.04,7745.92,Closed
POL-14895,2020-08-30,2020-10-25,2021-08-06,30312.93,24790.67,Closed
POL-50600,2020-09-02,2020-09-04,2021-01-23,6543.16,6170.92,Closed
POL-31869,2020-09-04,2020-10-20,2020-12-21,964.42,840.2,Closed
POL-82982,2020-09-07,2020-10-25,2021-02-28,454.02,394.38,Open
POL-26535,2020-09-11,2020-09-20,2021-04-26,951.39,925.93,Open
POL-50502,2020-09-14,2020-10-08,2021-03-18,1613.91,1407.82,Closed
POL-42317,2020-09-16,2020-10-18,2021-01-25,2753.71,2685.24,Open
POL-95716,2020-09-18,2020-10-16,2021-08-27,12366.52,9904.01,Closed
POL-39475,2020-09-19,2020-11-11,2020-11-14,3204.4,3152.18,Open
POL-70058,2020-09-19,2020-11-11,2021-05-30,7732.11,7305.25,Closed
POL-46444,2020-09-22,2020-10-06,2021-05-01,883.81,743.06,Closed
POL-91051,2020-09-23,2020-11-05,2021-03-21,4738.34,4147.93,Closed
POL-34398,2020-09-29,2020-11-26,2021-07-26,1653.53,1548.84,Closed
POL-50695,2020-10-05,2020-10-14,2021-05-29,1315.42,1128.34,Open
POL-60489,2020-10-05,2020-11-21,2021-09-06,2787.28,2638.29,Closed
POL-59067,2020-10-09,2020-11-18,2021-04-23,2688.52,2552.72,Closed
POL-65711,2020-10-10,2020-10-11,2020-12-19,17109.28,14309.39,Closed
POL-69993,2020-10-12,2020-11-18,2021-02-24,822.9,790.93,Closed
POL-36564,2020-10-12,2020-12-01,2021-11-07,5880.36,5576.81,Closed
POL-17736,2020-10-13,2020-11-27,2021-10-08,2537.91,2097.0,Closed
POL-70112,2020-10-13,2020-11-03,2021-02-27,696.85,694.67,Closed
POL-60733,2020-10-16,2020-12-01,2021-01-23,12314.48,12003.22,Closed
POL-18906,2020-10-17,2020-11-28,2020-12-18,6367.29,5403.89,Closed
POL-30953,2020-10-18,2020-11-03,2020-11-14,3404.9,2959.46,Closed
POL-14603,2020-10-23,2020-11-27,2021-04-28,11828.7,9516.34,Closed
POL-15454,2020-10-25,2020-12-05,2021-06-04,3381.19,3312.04,Open
POL-89134,2020-10-25,2020-12-09,2021-09-23,1777.75,1635.75,Closed
POL-58849,2020-10-25,2020-12-07,2021-09-06,1992.06,1832.48,Closed
POL-60210,2020-10-27,2020-10-29,2021-10-18,1224.94,1010.67,Open
POL-68160,2020-10-28,2020-12-20,2021-07-07,1452.68,1262.41,Closed
POL-29456,2020-11-01,2020-12-01,2021-01-22,370.88,358.95,Closed
POL-45643,2020-11-04,2020-11-10,2021-04-01,784.62,736.83,Closed
POL-21240,2020-11-11,2020-12-13,2021-10-16,18735.66,16117.4,Closed
POL-92464,2020-11-12,2020-12-27,2021-08-09,993.64,981.36,Closed
POL-31473,2020-11-15,2020-12-12,2021-02-17,17503.7,14622.88,Closed
POL-96936,2020-11-17,2020-11-27,2021-04-13,6212.04,5042.25,Open
POL-90758,2020-11-25,2020-11-25,2021-05-15,3378.63,3345.79,Closed
POL-45820,2020-11-26,2020-12-22,2021-06-13,1119.96,907.42,Open
POL-27174,2020-11-28,2021-01-22,2021-04-04,1366.69,1205.61,Closed
POL-60940,2020-11-28,2021-01-05,2021-11-09,5101.63,4956.04,Closed
POL-98721,2020-11-29,2021-01-06,2021-07-13,1893.55,1707.56,Open
POL-43272,2020-12-01,2020-12-25,2021-10-30,3946.71,3817.35,Open
POL-58867,2020-12-01,2020-12-07,2021-01-15,594.65,550.11,Closed
POL-27266,2020-12-02,2021-01-29,2021-03-12,975.41,950.33,Closed
POL-54199,2020-12-05,2021-01-19,2021-06-14,6362.05,5299.85,Closed
POL-84319,2020-12-12,2021-02-06,2021-03-23,4765.3,3948.05,Closed
POL-26531,2020-12-12,2021-01-31,2021-07-01,3261.83,2632.67,Closed
POL-52942,2020-12-12,2021-01-10,2021-03-03,1951.13,1603.86,Open
POL-95962,2020-12-13,2020-12-16,2021-04-02,1514.75,1230.28,Open
POL-94227,2020-12-13,2021-01-05,2021-12-05,1823.23,1660.05,Closed
POL-36299,2020-12-15,2021-02-01,2021-12-03,3401.35,2836.65,Closed
POL-87240,2020-12-17,2021-01-05,2021-12-01,845.42,709.45,Closed
POL-33989,2020-12-17,2021-02-03,2021-09-20,63700.45,59146.86,Closed
POL-61813,2020-12-17,2020-12-18,2021-11-19,2371.79,2131.23,Closed
POL-93691,2020-12-18,2021-01-18,2021-09-01,2909.46,2665.51,Open
POL-11620,2020-12-22,2021-01-29,2021-11-09,1586.77,1281.8,Closed
POL-95867,2020-12-28,2021-01-04,2021-04-04,1280.86,1127.86,Closed
POL-96145,2020-12-31,2021-01-27,2021-08-04,29672.0,26817.06,Closed
POL-46133,2021-01-06,2021-01-24,2021-10-16,1848.92,1498.05,Closed
POL-94003,2021-01-12,2021-02-15,2021-06-06,2780.73,2679.68,Closed
POL-90729,2021-01-16,2021-03-04,2022-01-18,8638.15,7120.61,Open
POL-96156,2021-01-20,2021-02-23,2021-03-13,2634.03,2440.65,Closed
POL-49563,2021-01-23,2021-02-25,2021-11-13,5261.14,4864.85,Closed
POL-90360,2021-01-24,2021-03-18,2021-09-21,6964.37,6321.99,Closed
POL-47879,2021-01-25,2021-03-08,2021-05-09,4989.32,4103.15,Open
POL-14138,2021-01-27,2021-02-22,2021-10-27,6809.32,5759.55,Closed
POL-32440,2021-01-31,2021-03-20,2022-03-03,2147.6,2078.59,Closed
POL-34972,2021-02-03,2021-02-09,2021-02-21,2417.64,2135.5,Closed
POL-34860,2021-02-03,2021-02-20,2021-12-22,1480.12,1477.2,Closed
POL-21664,2021-02-04,2021-03-09,2021-12-01,2700.35,2469.9,Closed
POL-74919,2021-02-10,2021-02-12,2021-03-09,3627.29,3362.45,Closed
POL-71588,2021-02-10,2021-04-11,2021-06-05,1638.45,1366.69,Closed
POL-81975,2021-02-13,2021-03-13,2021-08-25,3972.39,3836.55,Open
POL-51185,2021-02-14,2021-04-09,2021-11-17,7445.69,6041.4,Closed
POL-45063,2021-02-15,2021-03-12,2021-11-07,2966.61,2509.9,Closed
POL-20748,2021-02-15,2021-04-04,2021-06-29,8873.48,8508.22,Open
POL-82635,2021-02-15,2021-03-16,2021-10-29,5896.63,5368.22,Closed
POL-19837,2021-02-18,2021-03-13,2021-07-03,1974.71,1953.37,Closed
POL-51830,2021-02-19,2021-02-20,2021-04-23,6279.25,5075.51,Closed
POL-18706,2021-02-21,2021-04-04,2021-10-09,5097.05,4835.49,Closed
POL-38454,2021-02-22,2021-04-16,2021-11-22,1587.78,1455.44,Closed
POL-98839,2021-02-24,2021-04-17,2021-08-29,4254.76,3869.24,Closed
POL-99899,2021-02-26,2021-04-24,2021-09-17,5028.29,4685.07,Closed
POL-73530,2021-02-27,2021-03-03,2021-05-28,2370.88,1936.91,Closed
POL-17521,2021-02-28,2021-03-16,2021-08-14,15204.14,12512.31,Closed
POL-45618,2021-03-01,2021-03-16,2021-11-23,4087.65,3530.18,Closed
POL-12581,2021-03-02,2021-04-18,2021-10-28,2797.48,2275.46,Closed
POL-32746,2021-03-04,2021-03-17,2021-04-24,3952.91,3853.48,Closed
POL-10215,2021-03-06,2021-04-08,2021-09-11,4112.06,3643.72,Closed
POL-49263,2021-03-06,2021-03-23,2021-10-28,1771.35,1454.69,Open
POL-84131,2021-03-08,2021-03-28,2021-09-02,1855.34,1638.61,Closed
POL-96072,2021-03-12,2021-04-04,2021-05-08,4722.39,3976.92,Closed
POL-49519,2021-03-12,2021-03-28,2022-01-07,8093.5,8092.78,Closed
POL-15126,2021-03-13,2021-03-17,2021-12-23,6151.25,6022.9,Closed
POL-60772,2021-03-14,2021-03-27,2022-03-16,960.38,813.22,Open
POL-14922,2021-03-15,2021-03-28,2021-06-25,3826.23,3241.29,Open
POL-43037,2021-03-18,2021-04-03,2021-11-17,16799.67,15163.04,Closed
POL-36289,2021-03-26,2021-03-31,2021-06-11,3164.12,2980.01,Closed
POL-62249,2021-03-29,2021-04-18,2021-11-17,1940.29,1782.56,Closed
POL-36928,2021-03-29,2021-05-11,2021-09-29,6596.3,5538.39,Closed
POL-52849,2021-03-30,2021-05-21,2021-09-19,2131.55,1956.88,Closed
POL-83474,2021-03-30,2021-05-20,2022-01-11,3717.91,3405.45,Closed
POL-84910,2021-03-30,2021-05-20,2021-08-30,2408.42,1944.56,Closed
POL-44565,2021-04-06,2021-06-03,2022-02-03,575.02,514.46,Closed
POL-68002,2021-04-06,2021-05-23,2022-04-07,1540.22,1452.24,Closed
POL-87241,2021-04-06,2021-06-03,2021-08-12,870.03,764.02,Open
POL-69197,2021-04-12,2021-05-29,2021-10-11,12524.42,11324.77,Open
POL-26984,2021-04-16,2021-04-29,2022-01-31,5578.16,5465.11,Closed
POL-72888,2021-04-17,2021-05-31,2021-07-06,2166.42,1757.83,Open
POL-48523,2021-04-17,2021-05-02,2021-11-12,1781.51,1732.68,Closed
POL-43332,2021-04-18,2021-05-10,2022-04-04,349.31,302.4,Closed
POL-86000,2021-04-20,2021-05-05,2021-08-14,3280.45,3162.02,Closed
POL-94178,2021-04-20,2021-05-18,2021-06-05,17479.29,15344.12,Open
POL-28316,2021-04-20,2021-05-24,2021-08-29,3412.97,3329.1,Closed
POL-10717,2021-04-24,2021-06-03,2022-06-01,17302.75,14996.73,Closed
POL-22867,2021-04-27,2021-05-09,2021-06-27,1940.61,1925.32,Open
POL-25408,2021-04-29,2021-06-23,2021-08-21,1876.54,1811.47,Closed
POL-26724,2021-04-30,2021-06-28,2022-06-15,3364.78,2919.86,Closed
POL-92310,2021-04-30,2021-05-06,2022-02-11,566.25,517.32,Closed
POL-76727,2021-04-30,2021-05-30,2021-06-13,3275.17,2873.93,Closed
POL-42821,2021-05-02,2021-05-23,2021-07-23,2717.86,2563.71,Closed
POL-12597,2021-05-03,2021-05-29,2022-05-17,6289.02,5593.52,Closed
POL-29008,2021-05-04,2021-06-16,2022-05-01,3481.4,3005.34,Closed
POL-54041,2021-05-09,2021-05-17,2022-02-22,2683.19,2494.04,Closed
POL-94700,2021-05-12,2021-06-21,2021-12-30,3691.93,3162.12,Closed
POL-77298,2021-05-23,2021-06-27,2022-02-20,2648.31,2257.56,Open
POL-86848,2021-05-23,2021-07-08,2022-01-08,5788.66,5262.57,Closed
POL-19343,2021-05-25,2021-07-24,2021-12-15,14706.55,13329.02,Closed
POL-80028,2021-05-28,2021-07-05,2022-01-03,7000.33,6824.24,Closed
POL-14967,2021-05-28,2021-07-09,2022-02-09,5148.82,4951.19,Open
POL-29404,2021-05-28,2021-06-08,2022-03-30,1118.49,984.7,Closed
POL-72894,2021-05-31,2021-07-18,2021-09-07,1967.44,1784.34,Closed
POL-15629,2021-06-02,2021-06-13,2021-09-18,2221.1,2163.14,Closed
POL-22100,2021-06-04,2021-08-01,2022-05-14,1784.34,1632.04,Closed
POL-79345,2021-06-06,2021-06-14,2021-06-23,867.32,708.01,Open
POL-62409,2021-06-06,2021-07-27,2022-01-19,633.68,629.4,Closed
POL-82391,2021-06-06,2021-06-21,2021-09-24,1290.44,1271.63,Closed
POL-73879,2021-06-08,2021-07-15,2021-11-19,1804.92,1462.05,Closed
POL-87506,2021-06-08,2021-07-05,2021-10-18,2243.62,2120.72,Closed
POL-96124,2021-06-10,2021-08-06,2022-06-29,1240.93,1221.26,Open
POL-21138,2021-06-11,2021-06-24,2022-05-10,11970.58,9995.05,Open
POL-80021,2021-06-16,2021-07-08,2022-02-09,5655.58,4877.14,Closed
POL-24199,2021-06-21,2021-07-16,2022-03-13,1801.36,1785.96,Closed
POL-75455,2021-06-29,2021-07-18,2022-03-02,779.56,710.71,Closed
POL-71078,2021-06-30,2021-08-12,2022-03-15,647.23,644.41,Closed
POL-79711,2021-07-01,2021-07-06,2022-05-14,2194.77,2025.81,Open
POL-13513,2021-07-03,2021-08-02,2022-05-13,2544.51,2286.51,Closed
POL-78876,2021-07-04,2021-07-29,2021-08-03,1192.82,1048.05,Closed
POL-94416,2021-07-06,2021-08-24,2022-04-17,1473.97,1455.38,Closed
POL-23503,2021-07-11,2021-08-22,2022-03-17,1416.74,1382.57,Closed
POL-86373,2021-07-15,2021-09-13,2021-09-19,426.67,356.43,Open
POL-37962,2021-07-15,2021-09-13,2022-05-17,4023.27,3407.69,Closed
POL-92565,2021-07-18,2021-08-08,2021-09-03,6109.45,5987.28,Closed
POL-83233,2021-07-20,2021-08-31,2021-10-06,1077.8,1031.24,Open
POL-13084,2021-07-20,2021-07-24,2022-03-03,1112.31,1039.28,Closed
POL-98801,2021-07-21,2021-09-17,2021-10-15,17959.56,17559.95,Open
POL-28058,2021-07-24,2021-08-14,2022-05-13,5478.79,5305.05,Open
POL-67572,2021-07-25,2021-08-25,2022-07-16,1415.79,1173.86,Closed
POL-85164,2021-07-27,2021-08-23,2022-03-04,2587.25,2125.89,Closed
POL-12972,2021-07-28,2021-08-02,2022-03-03,471.06,444.97,Closed
POL-57766,2021-07-29,2021-08-28,2021-11-30,4083.49,3984.89,Closed
POL-72711,2021-07-30,2021-08-26,2021-12-18,884.88,734.88,Closed
POL-99367,2021-08-01,2021-08-05,2022-03-06,10731.51,9272.15,Open
POL-26939,2021-08-04,2021-09-10,2021-12-05,2758.44,2493.75,Closed
POL-24645,2021-08-05,2021-09-04,2022-03-14,955.53,952.23,Closed
POL-99387,2021-08-05,2021-08-18,2021-10-18,18582.2,18482.83,Closed
POL-18275,2021-08-05,2021-08-18,2021-12-27,2229.26,2150.42,Closed
POL-78416,2021-08-07,2021-08-29,2022-05-06,8064.37,6906.2,Closed
POL-23161,2021-08-11,2021-09-19,2022-08-20,2195.97,2111.9,Closed
POL-51139,2021-08-12,2021-08-22,2022-05-27,1745.12,1408.82,Closed
POL-56754,2021-08-17,2021-09-16,2021-12-15,4309.6,4307.56,Closed
POL-24289,2021-08-20,2021-10-03,2022-05-18,263.95,229.5,Closed
POL-90165,2021-08-22,2021-10-05,2022-03-17,3807.85,3514.25,Closed
POL-76471,2021-08-24,2021-09-27,2022-06-26,941.84,770.82,Open
POL-23303,2021-08-25,2021-10-17,2022-02-18,2348.96,2097.15,Closed
POL-84024,2021-08-28,2021-10-19,2022-01-18,4216.29,3616.04,Closed
POL-56233,2021-09-04,2021-09-06,2021-12-07,2317.91,1987.13,Closed
POL-27438,2021-09-08,2021-10-29,2022-05-20,3671.5,3348.18,Closed
POL-87994,2021-09-09,2021-10-19,2022-07-03,2922.3,2530.35,Open
POL-23156,2021-09-10,2021-11-06,2022-09-07,945.02,925.37,Closed
POL-49346,2021-09-15,2021-10-04,2022-05-02,3624.64,3503.15,Closed
POL-46639,2021-09-15,2021-09-25,2021-12-31,16725.61,14101.37,Closed
POL-82240,2021-09-16,2021-09-23,2022-09-10,1557.32,1267.48,Open
POL-68255,2021-09-20,2021-10-28,2022-05-21,1462.32,1383.0,Open
POL-72047,2021-09-20,2021-09-20,2022-04-19,608.61,503.69,Closed
POL-96206,2021-09-25,2021-11-03,2022-02-02,6771.53,6361.81,Closed
POL-41007,2021-09-25,2021-11-04,2022-07-02,4402.64,3819.05,Closed
POL-12187,2021-09-27,2021-11-12,2022-02-03,11607.55,9304.53,Closed
POL-39063,2021-09-27,2021-10-16,2022-05-07,6371.22,5288.89,Closed
POL-11560,2021-09-29,2021-11-21,2021-12-02,13340.57,11331.75,Open
POL-87403,2021-10-01,2021-11-07,2022-09-23,8549.37,8161.09,Open
POL-73437,2021-10-01,2021-10-13,2022-01-06,3755.34,3629.67,Closed
POL-86918,2021-10-03,2021-10-19,2021-10-24,923.1,895.06,Closed
POL-96450,2021-10-04,2021-11-09,2022-06-22,1670.5,1542.44,Closed
POL-23163,2021-10-11,2021-11-07,2021-12-29,1775.34,1625.7,Closed
POL-95945,2021-10-15,2021-11-29,2022-01-26,1004.57,941.42,Closed
POL-88768,2021-10-16,2021-12-11,2022-08-31,2092.13,1855.88,Closed
POL-40297,2021-10-19,2021-11-02,2022-07-03,5917.03,5487.93,Closed
POL-37526,2021-10-20,2021-11-16,2022-03-05,6168.22,5204.39,Closed
POL-59298,2021-10-22,2021-12-02,2021-12-29,1214.04,1030.41,Closed
POL-46509,2021-10-22,2021-12-11,2022-01-10,2522.19,2186.8,Open
POL-47841,2021-10-26,2021-11-17,2022-03-26,3675.59,3623.23,Closed
POL-60799,2021-10-28,2021-12-12,2022-03-15,22552.49,21483.02,Closed
POL-91437,2021-11-01,2021-11-16,2021-11-27,11092.33,10638.55,Closed
POL-98733,2021-11-09,2021-12-25,2022-10-31,494.71,448.78,Closed
POL-37716,2021-11-10,2021-12-28,2022-10-08,639.27,554.94,Closed
POL-10595,2021-11-10,2021-12-14,2022-04-12,3420.42,3069.13,Closed
POL-50544,2021-11-16,2022-01-15,2022-05-24,8605.42,8198.41,Closed
POL-60100,2021-11-16,2021-12-06,2022-07-20,8205.39,7816.71,Closed
POL-76025,2021-11-17,2021-12-09,2022-09-11,11020.19,10257.88,Closed
POL-52614,2021-11-29,2021-12-26,2022-08-06,2880.98,2431.83,Closed
POL-24549,2021-12-01,2021-12-06,2022-05-20,476.51,458.21,Closed
POL-45398,2021-12-04,2022-01-13,2022-01-13,19731.96,19441.14,Open
POL-41750,2021-12-05,2021-12-18,2022-04-30,2700.28,2236.52,Closed
POL-64220,2021-12-09,2022-01-03,2022-11-23,1828.32,1584.97,Closed
POL-96205,2021-12-10,2022-01-19,2022-08-23,1803.6,1634.17,Open
POL-10389,2021-12-11,2021-12-16,2022-06-01,3002.09,2833.04,Closed
POL-51971,2021-12-14,2021-12-27,2022-06-12,7209.17,6544.06,Closed
POL-89025,2021-12-16,2022-01-23,2022-10-28,2757.73,2659.61,Closed
POL-17485,2021-12-16,2022-02-03,2023-01-14,7348.69,6541.47,Closed
POL-73656,2021-12-29,2022-02-04,2022-06-02,289.07,275.65,Closed
POL-74604,2021-12-31,2022-02-05,2022-05-04,3054.61,2807.41,Closed
POL-95166,2021-12-31,2022-01-22,2022-08-11,761.85,704.37,Closed
POL-18320,2022-01-04,2022-03-05,2022-05-24,12655.72,11996.28,Closed
POL-92384,2022-01-09,2022-03-09,2022-03-20,932.68,787.52,Closed
POL-40873,2022-01-10,2022-01-21,2022-06-08,6790.15,5671.27,Closed
POL-99131,2022-01-11,2022-03-06,2023-01-11,3802.94,3595.21,Closed
POL-50874,2022-01-13,2022-01-16,2022-06-18,5292.63,5049.65,Open
POL-67932,2022-01-18,2022-02-04,2023-01-25,3452.02,3145.6,Closed
POL-70631,2022-01-19,2022-01-24,2022-06-15,3235.15,2834.39,Closed
POL-22305,2022-01-21,2022-02-11,2022-11-06,3106.97,2518.45,Closed
POL-93559,2022-01-22,2022-01-22,2022-08-26,1044.37,982.74,Closed
POL-15313,2022-01-24,2022-02-08,2022-08-16,1923.19,1737.9,Closed
POL-16471,2022-01-24,2022-02-02,2022-10-24,17471.01,15303.86,Closed
POL-60138,2022-01-25,2022-02-19,2022-06-12,5816.58,5659.08,Open
POL-80211,2022-01-29,2022-03-06,2022-09-07,1624.0,1565.69,Closed
POL-81696,2022-02-01,2022-03-25,2023-02-07,2692.26,2681.73,Closed
POL-21801,2022-02-01,2022-02-18,2022-05-31,2543.58,2166.6,Closed
POL-60906,2022-02-02,2022-03-13,2022-03-19,9425.93,8893.3,Closed
POL-65677,2022-02-04,2022-03-09,2022-11-29,10084.57,8494.75,Open
POL-40027,2022-02-04,2022-03-03,2022-09-20,757.71,669.57,Closed
POL-87067,2022-02-05,2022-03-24,2022-11-16,880.85,827.27,Closed
POL-52828,2022-02-05,2022-02-27,2022-12-09,7104.21,5809.5,Closed
POL-10358,2022-02-09,2022-03-24,2022-04-13,6965.79,6919.01,Closed
POL-54064,2022-02-09,2022-04-08,2022-11-20,541.81,440.56,Closed
POL-47420,2022-02-09,2022-02-12,2023-01-30,12735.11,10533.83,Open
POL-95925,2022-02-13,2022-02-14,2022-07-25,4243.77,3623.3,Closed
POL-37935,2022-02-24,2022-03-01,2022-09-16,2778.97,2346.12,Closed
POL-94381,2022-02-25,2022-04-24,2023-01-06,2404.48,2206.15,Closed
POL-41709,2022-02-28,2022-04-06,2022-11-30,11157.43,9428.12,Closed
POL-78828,2022-03-01,2022-03-04,2022-06-14,1432.24,1209.04,Closed
POL-90818,2022-03-03,2022-03-30,2023-03-28,3067.43,2787.26,Closed
POL-13435,2022-03-04,2022-03-18,2022-04-15,4190.03,3804.26,Closed
POL-45030,2022-03-04,2022-03-06,2022-05-20,1719.95,1562.41,Open
POL-76985,2022-03-07,2022-03-31,2023-02-18,9078.77,8132.23,Closed
POL-65296,2022-03-08,2022-04-23,2022-11-09,1352.8,1259.54,Open
POL-36685,2022-03-09,2022-03-13,2022-05-05,2052.06,1952.84,Open
POL-84069,2022-03-10,2022-04-16,2022-11-01,4734.48,4094.69,Closed
POL-38064,2022-03-10,2022-04-10,2022-06-18,506.22,433.91,Closed
POL-22453,2022-03-12,2022-03-24,2022-04-28,5404.73,4482.6,Open
POL-93434,2022-03-12,2022-03-17,2023-03-03,1026.35,991.77,Closed
POL-33705,2022-03-15,2022-05-09,2022-12-05,16763.58,16382.03,Closed
POL-50172,2022-03-21,2022-04-29,2022-06-26,882.61,738.81,Closed
POL-44159,2022-03-22,2022-04-22,2022-04-24,1647.36,1594.26,Closed
POL-65612,2022-03-23,2022-04-19,2022-09-24,5716.78,5493.25,Closed
POL-95947,2022-03-29,2022-04-14,2022-06-25,5418.92,4696.7,Closed
POL-86533,2022-03-30,2022-04-06,2022-12-25,6261.36,5779.55,Closed
POL-12985,2022-04-05,2022-04-08,2022-04-20,1515.0,1400.91,Closed
POL-38251,2022-04-05,2022-05-15,2022-09-25,888.56,792.2,Closed
POL-44998,2022-04-18,2022-06-09,2022-06-11,4071.24,3803.39,Closed
POL-33196,2022-04-20,2022-06-10,2023-05-11,3177.52,2645.21,Closed
POL-56825,2022-04-20,2022-05-31,2023-03-09,6110.68,5350.5,Closed
POL-84531,2022-04-21,2022-05-30,2022-11-23,666.97,638.81,Closed
POL-11134,2022-04-21,2022-06-01,2022-12-29,5362.24,5167.45,Closed
POL-48367,2022-04-23,2022-05-18,2022-11-07,2185.15,2168.35,Closed
POL-76467,2022-04-24,2022-05-15,2022-11-10,1670.87,1636.01,Closed
POL-51846,2022-04-29,2022-05-27,2022-05-30,700.63,583.44,Open
POL-87525,2022-05-01,2022-05-21,2023-04-25,7509.85,7255.94,Closed
POL-17491,2022-05-05,2022-05-08,2023-04-24,2353.47,2245.61,Closed
POL-63352,2022-05-09,2022-06-18,2023-01-24,1242.87,1189.43,Closed
POL-47713,2022-05-15,2022-06-06,2023-02-24,2905.69,2489.75,Open
POL-27014,2022-05-17,2022-07-10,2023-03-08,1906.17,1856.33,Closed
POL-35556,2022-05-23,2022-06-21,2023-03-24,1623.24,1335.26,Closed
POL-11577,2022-05-23,2022-07-01,2022-12-26,1324.78,1274.12,Closed
POL-76275,2022-05-24,2022-05-31,2023-02-04,1043.51,904.61,Closed
POL-58517,2022-05-25,2022-05-26,2022-10-04,7173.83,6474.92,Closed
POL-66683,2022-06-06,2022-06-29,2022-09-06,3392.48,3326.27,Closed
POL-70038,2022-06-08,2022-07-30,2022-11-13,13434.01,10973.61,Open
POL-29950,2022-06-14,2022-07-14,2022-07-23,1488.73,1468.33,Open
POL-24256,2022-06-14,2022-07-12,2023-01-29,2367.52,2243.41,Closed
POL-42016,2022-06-18,2022-07-03,2022-09-05,4535.36,4386.98,Open
POL-41551,2022-06-19,2022-06-27,2023-06-24,426.21,418.96,Closed
POL-82525,2022-06-19,2022-06-30,2022-10-04,1572.21,1393.15,Closed
POL-49922,2022-06-20,2022-07-18,2022-08-29,13776.93,11440.43,Closed
POL-87116,2022-06-20,2022-07-29,2022-11-08,7028.82,6050.69,Closed
POL-55226,2022-06-22,2022-08-14,2022-12-27,1740.35,1567.16,Closed
POL-45525,2022-06-23,2022-07-22,2023-04-01,973.0,892.53,Closed
POL-94774,2022-06-24,2022-08-04,2023-01-27,3380.23,3046.02,Closed
POL-55607,2022-06-24,2022-08-13,2022-11-29,6498.16,6428.57,Closed
POL-83294,2022-06-25,2022-08-18,2022-10-18,44343.18,39743.41,Closed
POL-24116,2022-06-25,2022-06-29,2023-03-29,1689.03,1567.07,Closed
POL-36400,2022-06-25,2022-08-12,2023-07-16,1999.89,1918.91,Open
POL-34054,2022-06-25,2022-07-15,2023-04-07,4493.69,4258.89,Closed
POL-67492,2022-06-27,2022-08-08,2023-02-16,3593.09,3050.78,Open
POL-68535,2022-06-28,2022-06-30,2023-05-19,3068.45,2603.06,Closed
POL-42117,2022-07-02,2022-08-05,2023-04-24,771.11,724.1,Closed
POL-36639,2022-07-04,2022-08-03,2023-06-18,1000.12,938.44,Closed
POL-59316,2022-07-05,2022-07-27,2023-03-29,1556.47,1547.7,Closed
POL-66344,2022-07-05,2022-08-07,2023-07-17,8263.4,7946.74,Closed
POL-28133,2022-07-07,2022-07-21,2023-03-09,1789.27,1745.55,Closed
POL-55800,2022-07-08,2022-08-03,2023-04-25,1241.53,1105.13,Closed
POL-95761,2022-07-13,2022-07-21,2022-12-21,29841.01,27829.88,Open
POL-88462,2022-07-17,2022-08-20,2023-04-09,619.2,550.78,Closed
POL-35431,2022-07-20,2022-09-06,2022-11-23,1626.66,1590.68,Open
POL-15469,2022-07-22,2022-08-02,2022-08-31,3234.28,2829.0,Closed
POL-14255,2022-07-22,2022-09-19,2022-09-23,876.61,713.55,Closed
POL-21908,2022-07-23,2022-08-17,2022-11-28,576.41,569.8,Closed
POL-53601,2022-07-27,2022-08-02,2022-08-04,276.48,266.85,Open
POL-37386,2022-07-27,2022-07-27,2022-12-23,10715.7,10251.27,Closed
POL-82590,2022-07-28,2022-08-12,2023-02-12,418.87,401.93,Closed
POL-87355,2022-08-01,2022-09-09,2023-07-27,2318.12,1997.95,Closed
POL-99791,2022-08-04,2022-09-30,2023-04-26,327.23,262.74,Closed
POL-28743,2022-08-06,2022-09-05,2022-12-21,3312.23,3119.48,Closed
POL-97893,2022-08-07,2022-08-07,2022-09-14,2169.43,2074.56,Open
POL-12103,2022-08-08,2022-09-26,2023-03-20,2430.63,2101.54,Closed
POL-43365,2022-08-10,2022-09-11,2023-03-07,1624.01,1328.06,Closed
POL-67505,2022-08-10,2022-09-23,2023-08-31,2153.04,1984.14,Closed
POL-29942,2022-08-10,2022-09-03,2023-01-07,1506.6,1468.65,Closed
POL-94685,2022-08-11,2022-09-07,2023-03-29,857.26,713.35,Closed
POL-99049,2022-08-11,2022-08-18,2023-08-16,1870.94,1508.63,Closed
POL-54623,2022-08-13,2022-08-29,2023-07-24,3705.26,3028.46,Open
POL-81849,2022-08-14,2022-08-28,2023-04-29,5223.48,4300.12,Closed
POL-29873,2022-08-15,2022-10-12,2023-04-27,3752.1,3548.72,Open
POL-10869,2022-08-15,2022-09-02,2023-02-12,3216.2,2701.79,Closed
POL-18605,2022-08-20,2022-09-05,2022-10-11,3242.72,3150.54,Closed
POL-73095,2022-08-21,2022-09-19,2022-10-29,4574.78,4202.59,Closed
POL-44773,2022-08-21,2022-08-22,2022-09-06,7583.91,7175.13,Closed
POL-33888,2022-08-23,2022-09-29,2023-01-17,503.39,410.99,Closed
POL-67326,2022-08-24,2022-10-19,2022-12-23,15254.85,13090.45,Closed
POL-94878,2022-08-26,2022-09-09,2023-05-28,1226.34,1075.22,Closed
POL-59850,2022-08-27,2022-10-22,2022-10-27,10076.48,8801.58,Closed
POL-48445,2022-08-29,2022-09-23,2023-02-15,3746.82,3105.6,Closed
POL-10645,2022-09-01,2022-09-28,2023-06-19,3729.22,3594.27,Closed
POL-49420,2022-09-02,2022-09-02,2022-12-02,4123.26,3469.57,Open
POL-86295,2022-09-04,2022-10-31,2023-10-31,1015.71,924.21,Closed
POL-38379,2022-09-12,2022-09-30,2023-09-02,543.41,522.81,Closed
POL-99400,2022-09-12,2022-10-22,2023-03-28,3165.08,2758.56,Closed
POL-71816,2022-09-16,2022-11-04,2023-07-05,2295.42,1872.73,Closed
POL-65826,2022-09-19,2022-09-28,2023-01-26,859.32,821.6,Open
POL-65809,2022-09-21,2022-11-19,2023-04-26,2374.09,2061.54,Closed
POL-16979,2022-09-30,2022-11-08,2023-10-02,851.85,702.16,Closed
POL-72287,2022-09-30,2022-11-29,2023-07-31,4589.17,3797.41,Closed
POL-78099,2022-10-01,2022-11-15,2023-08-01,1966.1,1731.08,Closed
POL-37420,2022-10-18,2022-12-06,2023-11-04,3128.74,3089.07,Closed
POL-30470,2022-10-20,2022-11-07,2023-01-12,849.68,744.8,Closed
POL-83531,2022-10-22,2022-11-12,2023-09-26,1353.1,1099.1,Closed
POL-92534,2022-10-24,2022-12-14,2023-04-01,852.02,738.11,Closed
POL-96365,2022-10-24,2022-10-25,2023-01-09,3665.95,3235.97,Closed
POL-44840,2022-10-24,2022-12-07,2023-06-15,2480.33,2468.67,Closed
POL-12011,2022-10-25,2022-11-22,2023-06-11,2404.46,2234.14,Closed
POL-38602,2022-10-26,2022-11-04,2023-07-03,25778.81,24022.52,Closed
POL-67705,2022-10-26,2022-12-22,2023-04-06,5934.92,5878.93,Closed
POL-47425,2022-10-28,2022-12-20,2023-07-13,1782.76,1550.93,Closed
POL-91348,2022-11-04,2023-01-03,2023-08-30,8535.17,8456.7,Closed
POL-26163,2022-11-04,2022-11-19,2022-12-26,4417.45,3674.7,Closed
POL-10654,2022-11-08,2022-12-29,2023-11-26,12414.16,10605.54,Closed
POL-55740,2022-11-09,2022-12-04,2023-06-27,599.89,554.54,Closed
POL-50581,2022-11-10,2022-12-23,2023-12-17,1318.99,1201.64,Closed
POL-44148,2022-11-17,2023-01-08,2023-11-21,33604.17,27295.53,Closed
POL-49339,2022-11-17,2022-11-23,2023-07-02,6539.34,6500.25,Closed
POL-40881,2022-11-18,2022-12-03,2023-01-30,13324.62,10714.79,Closed
POL-53884,2022-11-21,2023-01-16,2023-07-15,6276.6,5375.87,Closed
POL-36201,2022-11-23,2022-12-13,2023-02-24,2452.97,2422.24,Closed
POL-78706,2022-11-26,2023-01-01,2023-06-22,14241.28,12551.98,Closed
POL-95781,2022-11-28,2022-12-12,2023-08-20,2979.3,2839.14,Open
POL-40562,2022-11-28,2022-12-26,2023-09-21,2200.96,1953.47,Closed
POL-75095,2022-11-30,2022-12-07,2023-12-03,4364.06,3978.32,Closed
POL-71272,2022-12-02,2022-12-21,2023-04-29,9630.87,7888.19,Open
POL-56403,2022-12-05,2023-01-26,2023-08-14,3090.42,3034.57,Open
POL-40447,2022-12-08,2023-02-04,2023-12-03,1070.43,992.54,Closed
POL-15368,2022-12-08,2023-01-26,2023-06-20,3459.82,2997.66,Closed
POL-99431,2022-12-12,2023-02-02,2023-04-15,1896.32,1558.58,Closed
POL-28984,2022-12-16,2022-12-25,2023-04-18,1364.72,1267.22,Closed
POL-86312,2022-12-16,2023-01-19,2023-01-21,9075.74,8394.36,Closed
POL-30132,2022-12-16,2023-02-06,2023-04-20,5000.02,4014.71,Open
POL-94526,2022-12-22,2023-01-24,2023-06-28,986.63,964.94,Closed
POL-91571,2022-12-25,2023-02-01,2023-08-21,1490.84,1434.05,Closed
POL-51605,2022-12-25,2023-02-02,2023-04-27,1189.53,1122.62,Closed
POL-53427,2022-12-27,2022-12-28,2023-02-23,6841.14,6057.97,Closed
POL-30390,2022-12-29,2023-01-26,2023-07-30,2324.79,2302.59,Open
POL-89507,2022-12-29,2023-01-16,2023-05-01,1526.9,1499.66,Closed
POL-58511,2022-12-29,2023-02-01,2023-08-13,2386.2,2254.08,Closed
POL-96444,2022-12-30,2023-02-05,2024-01-07,737.22,642.61,Open
POL-46607,2023-01-02,2023-03-01,2023-12-29,1062.38,878.09,Closed
POL-67986,2023-01-03,2023-01-04,2023-10-28,487.46,431.97,Closed
POL-45208,2023-01-09,2023-03-09,2023-04-15,8395.44,7157.08,Open
POL-63051,2023-01-11,2023-02-26,2023-08-23,16247.96,15851.62,Closed
POL-30316,2023-01-13,2023-03-11,2023-11-02,2418.74,1979.57,Closed
POL-34842,2023-01-16,2023-02-03,2023-04-07,4698.37,4315.94,Closed
POL-33225,2023-01-18,2023-01-20,2023-08-23,915.27,751.28,Closed
POL-50469,2023-01-23,2023-03-05,2024-01-01,6133.25,4980.13,Closed
POL-31341,2023-01-26,2023-02-27,2023-03-11,1028.42,952.47,Closed
POL-30527,2023-01-27,2023-02-04,2024-01-01,10372.28,9047.54,Closed
POL-56607,2023-01-28,2023-03-20,2024-01-26,1443.56,1262.17,Closed
POL-33291,2023-01-28,2023-03-14,2023-12-01,522.71,490.52,Closed
POL-83495,2023-01-29,2023-03-28,2024-02-15,7250.12,7000.98,Closed
POL-88353,2023-01-30,2023-02-21,2023-12-04,2754.34,2668.4,Closed
POL-35939,2023-01-31,2023-03-10,2023-10-02,6079.2,5091.6,Closed
POL-93732,2023-02-01,2023-02-23,2023-08-23,6214.24,6078.07,Closed
POL-29665,2023-02-02,2023-03-29,2024-02-17,11255.13,10613.36,Open
POL-18418,2023-02-07,2023-02-28,2023-06-14,2677.76,2576.87,Open
POL-92495,2023-02-07,2023-02-14,2023-08-03,3843.64,3804.11,Closed
POL-88012,2023-02-07,2023-02-27,2023-10-21,2021.62,1699.59,Open
POL-16523,2023-02-09,2023-03-22,2023-08-01,1765.64,1663.64,Open
POL-48258,2023-02-09,2023-03-25,2023-05-18,2746.41,2588.7,Closed
POL-36081,2023-02-14,2023-03-31,2024-01-02,1114.55,964.37,Open
POL-52431,2023-02-19,2023-03-21,2023-12-12,8990.08,7266.83,Closed
POL-66058,2023-02-23,2023-03-14,2023-06-24,2702.28,2172.18,Open
POL-73185,2023-02-25,2023-04-26,2023-09-27,7224.49,6758.55,Closed
POL-86743,2023-02-25,2023-03-29,2024-01-27,346.81,278.46,Closed
POL-27071,2023-02-28,2023-04-06,2023-11-11,1725.88,1689.29,Closed
POL-83373,2023-03-03,2023-04-19,2023-05-27,3524.58,3173.88,Closed
POL-92018,2023-03-04,2023-04-24,2023-10-22,3182.27,2941.17,Closed
POL-45428,2023-03-06,2023-03-24,2023-09-04,1489.4,1445.48,Closed
POL-27322,2023-03-06,2023-04-23,2023-07-31,1675.99,1537.93,Closed
POL-39709,2023-03-06,2023-04-13,2024-02-15,2841.0,2663.32,Open
POL-79212,2023-03-08,2023-04-28,2024-04-02,2613.71,2226.21,Closed
POL-90122,2023-03-09,2023-03-17,2024-01-26,2494.34,2210.48,Open
POL-32911,2023-03-11,2023-04-29,2024-02-16,4686.94,3880.46,Closed
POL-17597,2023-03-11,2023-04-24,2024-03-13,977.75,801.62,Closed
POL-50042,2023-03-15,2023-04-12,2023-06-13,5531.09,4557.99,Closed
POL-61012,2023-03-16,2023-03-22,2023-06-10,2761.72,2266.69,Closed
POL-49462,2023-03-17,2023-04-15,2024-01-21,1858.08,1619.78,Closed
POL-15695,2023-03-17,2023-04-30,2023-11-24,4206.37,3559.83,Closed
POL-35500,2023-03-19,2023-03-21,2023-11-17,6231.0,5124.22,Closed
POL-27611,2023-03-22,2023-03-24,2023-05-16,27993.93,26003.4,Open
POL-14633,2023-03-22,2023-04-18,2023-12-08,698.47,694.19,Open
POL-69123,2023-03-22,2023-05-02,2023-05-11,672.4,576.02,Closed
POL-19111,2023-03-24,2023-05-17,2023-10-08,4970.39,4596.14,Closed
POL-97347,2023-04-02,2023-05-26,2023-10-26,4832.23,4216.85,Closed
POL-12591,2023-04-04,2023-04-07,2024-04-06,1779.85,1453.59,Closed
POL-65077,2023-04-04,2023-04-26,2023-08-31,11800.13,10649.99,Closed
POL-41826,2023-04-05,2023-04-15,2023-11-07,3477.02,3084.32,Closed
POL-73645,2023-04-05,2023-04-25,2024-01-28,5685.01,5157.09,Open
POL-64691,2023-04-08,2023-06-07,2023-07-28,5026.2,4556.01,Closed
POL-91132,2023-04-13,2023-06-07,2024-06-02,1898.53,1529.11,Closed
POL-74028,2023-04-15,2023-05-13,2024-02-05,2070.47,1724.63,Closed
POL-55671,2023-04-16,2023-05-10,2023-06-23,6428.63,5654.63,Closed
POL-47125,2023-04-16,2023-05-14,2023-07-25,4903.69,4261.64,Closed
POL-72013,2023-04-17,2023-05-05,2023-08-30,2163.62,1842.38,Closed
POL-93848,2023-04-19,2023-05-14,2023-06-30,711.47,585.18,Open
POL-23029,2023-04-20,2023-05-30,2024-04-23,34357.75,31483.63,Open
POL-90317,2023-04-24,2023-06-01,2023-08-16,3039.3,2921.05,Open
POL-14994,2023-04-27,2023-04-28,2023-07-20,2690.76,2613.78,Closed
POL-40825,2023-04-28,2023-05-14,2023-10-05,5324.63,4773.29,Closed
POL-24011,2023-04-29,2023-06-26,2024-02-20,1571.0,1502.98,Closed
POL-65805,2023-05-01,2023-05-24,2023-10-12,6967.49,5837.91,Closed
POL-36660,2023-05-10,2023-05-16,2023-07-28,9763.32,8576.39,Closed
POL-91914,2023-05-10,2023-06-24,2023-07-20,2128.88,2004.11,Closed
POL-86865,2023-05-10,2023-06-24,2024-02-09,1953.13,1802.73,Closed
POL-44314,2023-05-13,2023-06-23,2024-06-06,1256.56,1082.16,Closed
POL-88229,2023-05-14,2023-07-01,2024-05-14,2124.18,1732.08,Closed
POL-61322,2023-05-23,2023-06-30,2024-03-26,1613.04,1492.17,Closed
POL-67418,2023-05-24,2023-06-07,2023-12-21,19036.1,19002.32,Closed
POL-60013,2023-05-24,2023-06-02,2024-01-16,236.93,226.78,Closed
POL-21283,2023-05-24,2023-07-06,2024-05-06,1373.87,1118.25,Open
POL-12429,2023-05-25,2023-05-26,2023-07-13,1633.28,1532.58,Closed
POL-11401,2023-05-29,2023-07-21,2023-08-13,1102.85,1042.16,Closed
POL-57662,2023-05-30,2023-06-06,2023-08-23,2420.33,2056.7,Open
POL-54237,2023-05-31,2023-07-08,2024-06-12,8795.41,8680.26,Closed
POL-92711,2023-06-05,2023-07-09,2024-05-23,1691.43,1646.82,Closed
POL-83379,2023-06-05,2023-07-20,2023-08-24,9937.47,8120.22,Closed
POL-34322,2023-06-06,2023-07-06,2024-06-27,1245.74,1072.87,Closed
POL-31889,2023-06-08,2023-08-01,2024-07-06,1150.19,1096.22,Closed
POL-99822,2023-06-10,2023-07-13,2023-08-01,3776.02,3267.71,Closed
POL-44758,2023-06-13,2023-07-11,2023-10-16,3397.83,2832.07,Open
POL-89732,2023-06-14,2023-08-10,2024-06-06,9243.15,7959.86,Closed
POL-13240,2023-06-18,2023-06-29,2024-04-17,3625.23,3282.71,Open
POL-52832,2023-06-18,2023-07-10,2024-02-11,13115.05,12958.99,Open
POL-12775,2023-06-20,2023-06-26,2024-06-23,2708.02,2196.32,Closed
POL-29177,2023-06-21,2023-08-04,2024-02-26,4562.09,3859.88,Closed
POL-45262,2023-06-22,2023-07-11,2023-12-03,3146.32,2691.83,Closed
POL-53461,2023-06-24,2023-06-27,2024-05-28,1256.54,1173.88,Closed
POL-87707,2023-06-25,2023-08-04,2024-06-21,1047.2,1020.48,Closed
POL-46268,2023-06-30,2023-08-06,2024-05-15,8501.03,7487.53,Closed
POL-67676,2023-06-30,2023-07-04,2023-11-09,8371.24,8191.2,Closed
POL-42888,2023-07-01,2023-08-21,2023-12-31,712.52,707.46,Closed
POL-10864,2023-07-11,2023-08-19,2024-04-30,123.0,117.58,Closed
POL-53459,2023-07-15,2023-08-06,2024-02-02,1103.94,966.4,Closed
POL-94431,2023-07-20,2023-09-06,2023-09-30,395.83,348.48,Closed
POL-12920,2023-07-21,2023-08-07,2024-03-04,1679.58,1420.41,Closed
POL-67889,2023-07-29,2023-09-10,2024-01-04,3334.46,2889.46,Open
POL-87963,2023-07-30,2023-09-01,2024-08-16,13078.48,11395.98,Open
POL-68576,2023-08-01,2023-08-23,2024-02-10,24781.58,23105.55,Open
POL-78619,2023-08-01,2023-09-26,2024-02-04,5133.06,4704.64,Closed
POL-97968,2023-08-02,2023-09-15,2024-04-13,1231.32,1206.19,Closed
POL-96231,2023-08-04,2023-08-30,2024-04-22,3089.9,2925.46,Closed
POL-20816,2023-08-10,2023-08-19,2024-08-11,1710.9,1547.52,Closed
POL-54755,2023-08-11,2023-08-27,2024-05-26,15578.04,14733.3,Open
POL-83914,2023-08-11,2023-10-06,2024-07-29,2544.62,2472.33,Closed
POL-59733,2023-08-12,2023-10-04,2024-01-17,1148.71,1113.05,Closed
POL-84702,2023-08-14,2023-09-20,2024-07-05,1969.68,1969.62,Closed
POL-19465,2023-08-15,2023-09-09,2023-12-21,3548.84,3235.98,Closed
POL-12017,2023-08-17,2023-10-12,2024-07-28,4785.79,4324.79,Closed
POL-94817,2023-08-18,2023-09-06,2024-01-01,9267.74,8558.81,Closed
POL-91912,2023-08-19,2023-09-12,2024-08-17,850.4,783.82,Closed
POL-13089,2023-08-23,2023-08-28,2024-03-06,8904.75,7441.55,Closed
POL-19903,2023-08-24,2023-10-21,2024-04-13,3750.5,3372.36,Closed
POL-18720,2023-08-25,2023-10-20,2024-05-17,2572.11,2372.17,Open
POL-36630,2023-08-25,2023-09-13,2024-07-26,1560.97,1439.92,Closed
POL-95920,2023-08-28,2023-10-24,2024-08-31,4709.0,3793.02,Closed
POL-71954,2023-08-28,2023-08-30,2024-03-01,1978.94,1741.24,Closed
POL-93560,2023-08-31,2023-10-16,2024-01-12,14009.7,11464.1,Closed
POL-94995,2023-09-02,2023-09-04,2024-06-09,7327.83,6379.03,Closed
POL-52982,2023-09-02,2023-10-02,2024-06-09,4241.57,3716.37,Closed
POL-93087,2023-09-04,2023-09-10,2023-10-09,1417.06,1229.79,Closed
POL-81853,2023-09-06,2023-10-09,2024-05-11,1775.94,1744.22,Closed
POL-48498,2023-09-07,2023-09-09,2024-03-17,4171.98,3551.35,Open
POL-31225,2023-09-08,2023-09-14,2024-02-22,1855.34,1677.86,Closed
POL-37216,2023-09-08,2023-10-07,2024-05-15,3027.88,2536.1,Closed
POL-36028,2023-09-11,2023-09-26,2023-12-09,1022.3,939.71,Closed
POL-49876,2023-09-13,2023-10-18,2024-05-28,1144.24,1070.94,Open
POL-84417,2023-09-13,2023-09-19,2024-03-08,4937.98,4618.64,Closed
POL-56220,2023-09-14,2023-09-15,2023-10-31,2360.51,2068.49,Closed
POL-61631,2023-09-17,2023-11-10,2023-11-25,7325.64,6211.42,Closed
POL-71367,2023-09-20,2023-09-21,2024-03-01,816.74,779.74,Closed
POL-65206,2023-09-21,2023-09-27,2024-01-31,522.49,460.46,Closed
POL-70186,2023-09-26,2023-10-06,2024-01-12,2800.72,2528.41,Closed
POL-61148,2023-09-26,2023-10-15,2024-05-06,1383.79,1260.45,Closed
POL-63473,2023-09-26,2023-11-17,2024-10-08,19876.41,16290.73,Closed
POL-30746,2023-10-02,2023-11-10,2024-10-02,14615.52,12758.83,Open
POL-93457,2023-10-03,2023-10-03,2024-08-27,12448.11,10371.21,Closed
POL-53856,2023-10-07,2023-10-23,2024-02-05,4419.57,4278.24,Closed
POL-56157,2023-10-08,2023-10-19,2024-09-05,2053.93,1663.81,Closed
POL-51094,2023-10-11,2023-11-01,2024-03-18,819.33,752.18,Closed
POL-46307,2023-10-18,2023-12-02,2024-06-18,1407.6,1378.19,Closed
POL-13052,2023-10-24,2023-12-11,2024-07-15,645.59,604.6,Closed
POL-17452,2023-10-24,2023-11-23,2024-01-18,9014.93,8952.37,Open
POL-56511,2023-10-27,2023-12-05,2024-05-22,1092.63,977.47,Closed
POL-26626,2023-10-30,2023-11-18,2024-01-29,4132.44,3970.53,Closed
POL-49867,2023-11-04,2023-11-21,2024-02-03,10832.01,9168.7,Closed
POL-92597,2023-11-05,2023-12-22,2024-08-18,6727.65,6459.64,Closed
POL-95469,2023-11-06,2023-12-14,2024-09-29,4913.48,4613.46,Closed
POL-96436,2023-11-07,2023-11-07,2023-11-17,1367.69,1284.48,Open
POL-33889,2023-11-08,2023-11-25,2023-12-11,11225.8,9741.35,Closed
POL-59708,2023-11-10,2024-01-08,2024-01-14,4950.65,4833.45,Open
POL-13696,2023-11-12,2023-12-15,2024-04-21,777.35,739.14,Closed
POL-35081,2023-11-13,2023-12-20,2024-04-03,13539.2,12070.04,Closed
POL-93829,2023-11-13,2023-12-12,2024-01-25,8770.19,7448.55,Closed
POL-76897,2023-11-14,2023-11-29,2024-10-31,1457.15,1274.19,Open
POL-68701,2023-11-14,2024-01-03,2024-09-16,2267.66,2258.71,Closed
POL-70519,2023-11-16,2023-12-17,2024-12-15,1235.13,1151.59,Closed
POL-65284,2023-11-17,2023-11-28,2024-02-07,2731.99,2681.51,Closed
POL-66503,2023-11-17,2023-11-30,2023-12-11,3426.66,3336.14,Closed
POL-15573,2023-11-21,2024-01-17,2024-12-13,362.58,300.99,Closed
POL-10835,2023-11-22,2024-01-06,2024-06-23,8995.64,7335.91,Closed
POL-63218,2023-11-23,2023-12-31,2024-02-13,312.27,269.59,Closed
POL-23386,2023-11-27,2023-12-22,2024-04-14,7208.72,6208.21,Open
POL-57897,2023-11-27,2023-12-25,2024-04-19,11320.27,9558.61,Closed
POL-43040,2023-11-29,2023-12-27,2024-12-13,853.46,795.1,Closed
POL-80714,2023-11-29,2023-12-18,2024-04-07,1688.84,1456.76,Open
POL-63420,2023-12-01,2023-12-21,2024-06-18,903.61,867.75,Closed
POL-86298,2023-12-02,2024-01-13,2024-07-18,7528.73,6641.76,Closed
POL-87986,2023-12-06,2023-12-09,2024-05-03,2425.24,2022.19,Closed
POL-21046,2023-12-10,2023-12-20,2024-05-31,1400.55,1321.85,Closed
POL-19290,2023-12-14,2024-02-08,2024-06-02,3552.81,3322.35,Open
POL-64712,2023-12-16,2024-01-17,2024-11-16,3468.73,3167.46,Closed
POL-27883,2023-12-21,2024-01-27,2024-07-17,5881.18,5607.7,Closed
POL-62233,2023-12-23,2024-01-14,2024-11-11,9516.92,8060.21,Closed
POL-36619,2023-12-28,2024-02-22,2024-06-30,729.94,641.95,Closed
POL-67042,2023-12-29,2024-01-21,2024-02-06,647.31,552.95,Closed
POL-96322,2023-12-31,2024-02-25,2024-07-16,2611.89,2291.79,Closed
